{"_wandb":{"runtime":4},"cum_regret":23458.4921875,"_timestamp":1.746229825932591e+09,"_runtime":4.499893273,"_step":9999}