{"_runtime":5.059489505,"_step":9999,"_wandb":{"runtime":5},"cum_regret":21264.95703125,"_timestamp":1.7462298132336097e+09}