{"cum_regret":15375.98046875,"_timestamp":1.7462298365772371e+09,"_runtime":4.569504539,"_step":9999,"_wandb":{"runtime":4}}