{"cum_regret":23330.546875,"_timestamp":1.746229759854618e+09,"_runtime":4.382137263,"_step":9999,"_wandb":{"runtime":4}}