{"_wandb":{"runtime":9},"cum_regret":22385.90234375,"_timestamp":1.746229749293824e+09,"_runtime":9.838196661,"_step":9999}