{"_step":9999,"cum_regret":23448.765625,"_timestamp":1.7462347550685718e+09,"_wandb":{"runtime":4},"_runtime":4.498865977}