{"_wandb":{"runtime":4},"cum_regret":23621.765625,"_timestamp":1.7462298577559214e+09,"_runtime":4.491373401,"_step":9999}