{"_wandb":{"runtime":4},"cum_regret":15098.5849609375,"_timestamp":1.7462347656375194e+09,"_runtime":4.435229158,"_step":9999}