{"_wandb":{"runtime":4},"cum_regret":22415.7578125,"_timestamp":1.7462298153354197e+09,"_runtime":4.882621718,"_step":9999}