{"_wandb":{"runtime":4},"cum_regret":20601.576171875,"_timestamp":1.7462297808139899e+09,"_runtime":4.41268911,"_step":9999}