{"_timestamp":1.746229801958423e+09,"_runtime":4.434352991,"_step":9999,"_wandb":{"runtime":4},"cum_regret":32536.41796875}