{"_runtime":4.436325574,"_step":9999,"cum_regret":23546.435546875,"_wandb":{"runtime":4},"_timestamp":1.7462297913709688e+09}