{"_step":9999,"_wandb":{"runtime":4},"cum_regret":17207.654296875,"_timestamp":1.7462299000487423e+09,"_runtime":4.492773071}