{"_wandb":{"runtime":4},"cum_regret":32779.83984375,"_timestamp":1.7462298683007228e+09,"_runtime":4.432417596,"_step":9999}