{"cum_regret":29824.80078125,"_timestamp":1.7462298895171094e+09,"_runtime":4.541218352,"_wandb":{"runtime":4},"_step":9999}