{"_timestamp":1.7462347445745375e+09,"_runtime":4.44512078,"_step":9999,"_wandb":{"runtime":4},"cum_regret":22225.162109375}