{"_timestamp":1.7462298472014017e+09,"_wandb":{"runtime":4},"_runtime":4.494248679,"_step":9999,"cum_regret":20750.53125}