{"_wandb":{"runtime":4},"cum_regret":21274.1484375,"_timestamp":1.7462298789440699e+09,"_runtime":4.489916802,"_step":9999}