{"_runtime":2.049651716,"upper":28369.677734375,"simple_regret":22564.78515625,"mean_regret":23144.8203125,"_timestamp":1.7462299181688337e+09,"_wandb":{"runtime":2},"final_mean":23144.8203125,"final_std":5224.85693359375,"simple_regret_std":5088.1259765625,"agg_plot":{"width":1200,"height":600,"_type":"image-file","sha256":"2ad0a82bf5196efcb5a235d8a0a4a34d508b2626095d1ec08511b8b04c0254d6","size":56613,"path":"media/images/agg_plot_9999_2ad0a82bf5196efcb5a2.png","format":"png"},"lower":17919.962890625,"_step":9999}