{"cum_regret":15370.9306640625,"_timestamp":1.7462297703759992e+09,"_runtime":4.403107913,"_step":9999,"_wandb":{"runtime":4}}