{"_timestamp":1.7462299107843566e+09,"_wandb":{"runtime":4},"_runtime":4.520586739,"_step":9999,"cum_regret":24739.244140625}